task,bin,complexity,success,steps,reasoning_calls,skip_bootstrap,skip_gate,skip_prefill,injections,probes,explore_rounds,prefix_checks,repairs,graph_nodes,graph_edges,executed_edges,revisited_states,unique_states,total_skips,variant
CameraTakePhoto,易,1.0,0,4,4,0,0,0,0,0,0,0,0,5,3,3,2,5,0,v40（历史）
MarkorDeleteNewestNote,易,1.0,1,4,4,1,0,0,2,0,0,0,0,7,5,3,2,7,1,v40（历史）
SystemBrightnessMax,易,1.0,0,13,13,0,0,0,0,0,0,0,0,7,6,5,3,7,0,v40（历史）
NotesIsTodo,易,1.0,1,3,3,1,0,0,0,0,0,0,0,6,3,3,1,6,1,v40（历史）
MarkorMergeNotes,难,7.8,0,15,15,1,0,0,0,0,0,0,0,24,21,13,8,23,1,v40（历史）
ContactsAddContact,易,1.2,1,8,8,1,0,0,0,0,0,0,0,10,6,6,3,10,1,v40（历史）
SystemBrightnessMinVerify,易,1.0,1,7,7,0,0,0,0,0,0,0,0,9,9,7,6,8,0,v40（历史）
RecipeAddMultipleRecipesFromMarkor,难,6.0,0,15,15,1,0,0,0,0,0,0,0,22,19,11,6,21,1,v40（历史）
RecipeAddMultipleRecipesFromMarkor2,难,6.0,0,15,15,1,0,0,0,0,0,0,0,10,13,5,3,10,1,v40（历史）
SimpleSmsSendReceivedAddress,中,1.8,1,7,7,1,0,0,0,0,0,0,0,13,10,7,4,11,1,v40（历史）
SimpleSmsSendClipboardContent,易,1.2,1,10,10,1,0,0,0,0,0,0,0,12,10,9,7,12,1,v40（历史）
SimpleCalendarDeleteEventsOnRelativeDay,易,1.2,1,6,6,1,0,0,0,0,0,0,0,9,6,4,3,9,1,v40（历史）
OsmAndTrack,难,12.0,0,15,15,1,0,0,0,0,0,0,0,12,7,7,4,12,1,v40（历史）
OpenAppTaskEval,易,1.0,1,3,3,1,0,0,0,0,0,0,0,4,3,2,2,4,1,v40（历史）
SimpleCalendarAddOneEvent,难,3.4,0,15,15,1,0,0,0,1,1,0,0,18,12,12,8,18,1,v40（历史）
BrowserDraw,中,2.0,0,15,15,1,0,0,0,1,1,10,0,10,7,5,2,9,1,v40（历史）
SystemWifiTurnOnVerify,易,1.0,1,4,4,0,0,0,0,0,0,0,0,6,6,3,1,6,0,v40（历史）
MarkorEditNote,易,1.2,0,8,8,1,0,0,0,0,0,0,0,11,10,4,3,11,1,v40（历史）
ExpenseDeleteSingle,易,1.0,1,4,4,1,0,0,0,0,0,0,0,9,4,4,1,9,1,v40（历史）
CameraTakeVideo,易,1.0,0,15,14,0,1,0,0,9,9,0,0,5,5,5,4,5,1,v40（历史）
RecipeAddMultipleRecipesFromImage,难,6.0,0,15,15,1,0,0,0,0,0,0,0,8,6,6,3,8,1,v40（历史）
SimpleSmsReplyMostRecent,易,1.2,1,7,7,1,0,0,0,0,0,0,0,8,7,6,4,8,1,v40（历史）
AudioRecorderRecordAudio,易,1.2,1,9,9,1,0,0,2,0,0,0,0,12,8,8,4,11,1,v40（历史）
MarkorCreateNoteAndSms,中,1.8,0,6,6,1,0,0,0,0,0,0,0,9,6,6,4,9,1,v40（历史）
RecipeDeleteMultipleRecipesWithNoise,难,3.4,0,15,15,1,0,0,0,8,8,2,0,12,22,7,5,10,1,v40（历史）
ExpenseAddSingle,易,1.2,1,12,12,1,0,0,0,0,0,0,0,7,6,4,3,7,1,v40（历史）
RecipeDeleteMultipleRecipesWithConstraint,难,4.0,1,4,4,1,0,0,0,0,0,0,0,9,9,4,3,8,1,v40（历史）
MarkorCreateNote,中,1.6,1,6,6,1,0,0,0,0,0,0,0,10,8,4,2,10,1,v40（历史）
SimpleSmsReply,易,1.2,1,6,6,1,0,0,0,0,0,0,0,10,6,6,3,10,1,v40（历史）
NotesRecipeIngredientCount,易,1.0,0,4,4,1,0,0,0,0,0,0,0,5,4,3,3,5,1,v40（历史）
MarkorAddNoteHeader,易,1.2,0,15,15,1,0,0,0,3,3,2,0,11,12,10,6,10,1,v40（历史）
ExpenseAddMultipleFromMarkor,难,6.0,0,15,15,1,0,0,0,0,0,0,0,9,6,6,4,9,1,v40（历史）
SystemBluetoothTurnOffVerify,易,1.0,1,5,5,0,0,0,0,0,0,0,0,8,5,4,1,8,0,v40（历史）
SystemBluetoothTurnOn,易,1.0,1,4,4,0,0,0,0,0,0,0,0,6,4,3,1,6,0,v40（历史）
SimpleCalendarEventsOnDate,易,1.0,1,2,2,1,0,0,0,0,0,0,0,5,3,1,1,5,1,v40（历史）
SimpleCalendarAddRepeatingEvent,难,3.4,0,15,15,1,0,0,0,0,0,0,0,13,12,8,5,13,1,v40（历史）
SystemWifiTurnOff,易,1.0,1,5,5,0,0,0,0,0,0,0,0,6,5,3,3,6,0,v40（历史）
SystemBluetoothTurnOff,易,1.0,1,6,6,0,0,0,0,0,0,0,0,5,4,4,3,5,0,v40（历史）
SimpleCalendarLocationOfEvent,易,1.0,1,3,3,1,0,0,0,0,0,0,0,6,5,3,2,6,1,v40（历史）
SystemWifiTurnOn,易,1.0,1,5,5,0,0,0,0,0,0,0,0,6,4,3,3,6,0,v40（历史）
SportsTrackerTotalDurationForCategoryThisWeek,中,1.6,1,3,3,1,0,0,0,0,0,0,0,7,4,3,1,7,1,v40（历史）
ExpenseDeleteDuplicates,易,1.2,1,6,6,1,0,0,0,0,0,0,0,10,5,4,2,10,1,v40（历史）
SportsTrackerActivitiesCountForWeek,易,1.0,1,1,1,1,0,0,0,0,0,0,0,2,0,0,1,2,1,v40（历史）
SaveCopyOfReceiptTaskEval,中,1.6,1,7,7,1,0,0,0,0,0,0,0,8,7,5,2,8,1,v40（历史）
TurnOffWifiAndTurnOnBluetooth,中,2.0,1,9,9,0,0,0,0,0,0,0,0,9,9,7,2,8,0,v40（历史）
SportsTrackerLongestDistanceActivity,易,1.0,1,4,4,1,0,0,0,0,0,0,0,6,4,4,3,6,1,v40（历史）
RetroCreatePlaylist,中,2.4,1,13,13,1,0,0,0,2,2,3,0,13,9,8,6,13,1,v40（历史）
ExpenseDeleteMultiple2,难,3.4,1,13,13,1,0,0,0,4,4,0,0,13,11,9,4,13,1,v40（历史）
RecipeAddMultipleRecipes,难,6.0,0,15,15,1,0,0,0,0,0,0,0,11,9,9,8,11,1,v40（历史）
SimpleSmsResend,易,1.2,1,8,8,1,0,0,0,0,0,0,0,13,7,7,3,12,1,v40（历史）
MarkorCreateFolder,易,1.0,1,12,11,1,1,0,2,0,0,0,0,11,9,8,6,11,2,v40（历史）
RecipeDeleteSingleRecipe,易,1.0,1,5,5,1,0,0,0,0,0,0,0,10,11,4,2,8,1,v40（历史）
SystemWifiTurnOffVerify,易,1.0,1,4,4,0,0,0,0,0,0,0,0,5,5,3,2,5,0,v40（历史）
TasksDueNextWeek,易,1.2,0,3,3,1,0,0,0,0,0,0,0,6,4,1,1,6,1,v40（历史）
MarkorTranscribeVideo,中,2.0,0,15,15,1,0,0,0,1,1,0,1,22,20,8,4,19,1,v40（历史）
SystemBrightnessMin,易,1.0,1,8,8,0,0,0,0,0,0,0,0,5,4,4,4,5,0,v40（历史）
OsmAndFavorite,易,1.3,1,7,7,1,0,0,0,0,0,0,0,10,6,6,5,10,1,v40（历史）
FilesDeleteFile,中,2.2,0,4,4,1,0,0,0,0,0,0,0,6,3,3,2,6,1,v40（历史）
MarkorDeleteAllNotes,易,1.4,1,6,6,1,0,0,0,1,1,0,0,6,5,4,4,6,1,v40（历史）
SimpleCalendarEventsInNextWeek,易,1.0,0,10,10,1,0,0,0,0,0,0,0,17,11,6,5,17,1,v40（历史）
SimpleCalendarEventsInTimeRange,易,1.0,1,2,2,1,0,0,0,0,0,0,0,6,3,1,1,6,1,v40（历史）
MarkorChangeNoteContent,易,1.2,0,15,15,1,0,0,0,3,3,0,0,14,13,12,7,14,1,v40（历史）
MarkorTranscribeReceipt,中,1.8,0,15,15,1,0,0,2,1,1,0,0,27,26,13,4,23,1,v40（历史）
SimpleCalendarFirstEventAfterStartTime,易,1.0,1,2,2,1,0,0,0,0,0,0,0,5,3,1,1,5,1,v40（历史）
SportsTrackerActivityDuration,易,1.2,0,9,9,1,0,0,0,0,0,0,0,7,5,5,4,7,1,v40（历史）
VlcCreateTwoPlaylists,难,4.8,0,15,15,1,0,0,0,0,0,0,0,13,11,7,6,13,1,v40（历史）
ClockStopWatchRunning,易,1.0,1,4,4,0,0,0,0,0,0,0,0,8,4,3,2,8,0,v40（历史）
ExpenseDeleteDuplicates2,中,1.8,1,13,13,1,0,0,0,1,1,0,0,12,8,7,3,12,1,v40（历史）
RecipeDeleteDuplicateRecipes,易,1.0,1,6,6,1,0,0,0,0,0,0,0,8,6,5,3,6,1,v40（历史）
SimpleCalendarEventOnDateAtTime,易,1.0,1,2,2,1,0,0,0,0,0,0,0,5,3,1,1,5,1,v40（历史）
SportsTrackerTotalDistanceForCategoryOverInterval,中,2.2,0,6,6,1,0,0,0,0,0,0,0,6,5,4,3,6,1,v40（历史）
AudioRecorderRecordAudioWithFileName,中,2.0,0,12,12,1,0,0,0,0,0,0,0,15,11,9,6,14,1,v40（历史）
SystemCopyToClipboard,易,1.0,0,15,13,0,2,0,0,2,2,5,0,8,7,5,5,7,2,v40（历史）
TasksHighPriorityTasks,易,1.0,1,1,1,1,0,0,0,0,0,0,0,5,3,0,1,5,1,v40（历史）
SimpleCalendarAddOneEventRelativeDay,难,3.4,0,15,15,1,0,0,0,0,0,0,0,12,12,9,7,12,1,v40（历史）
RetroPlayingQueue,难,3.2,0,15,15,1,0,0,2,2,2,1,0,16,15,11,7,16,1,v40（历史）
VlcCreatePlaylist,难,2.8,0,12,12,1,0,0,0,1,1,0,1,14,13,8,6,13,1,v40（历史）
TasksIncompleteTasksOnDate,易,1.0,1,1,1,1,0,0,0,0,0,0,0,3,1,0,1,3,1,v40（历史）
TasksDueOnDate,易,1.0,0,1,1,1,0,0,0,0,0,0,0,5,3,0,1,5,1,v40（历史）
ClockTimerEntry,易,1.0,0,15,15,0,0,0,0,10,10,0,0,6,3,3,3,6,0,v40（历史）
RecipeDeleteMultipleRecipes,中,2.4,0,15,15,1,0,0,0,3,3,0,1,14,15,11,5,12,1,v40（历史）
MarkorDeleteNote,易,1.0,1,4,4,1,0,0,2,0,0,0,0,8,7,3,2,8,1,v40（历史）
SimpleDrawProCreateDrawing,中,1.8,1,6,6,1,0,0,0,0,0,0,0,8,5,5,4,8,1,v40（历史）
RetroPlaylistDuration,难,3.0,0,15,15,1,0,0,0,5,5,4,0,14,16,11,8,14,1,v40（历史）
MarkorCreateNoteFromClipboard,易,1.4,1,9,9,1,0,0,0,0,0,0,0,16,13,7,4,16,1,v40（历史）
MarkorMoveNote,易,1.4,0,10,10,1,0,0,0,2,2,1,0,17,20,7,5,16,1,v40（历史）
NotesMeetingAttendeeCount,易,1.0,1,4,4,1,0,0,0,0,0,0,0,5,3,3,3,5,1,v40（历史）
ClockStopWatchPausedVerify,易,1.0,0,15,15,0,0,0,2,10,10,0,0,8,5,5,3,8,0,v40（历史）
SimpleCalendarAddOneEventTomorrow,难,3.4,0,15,15,1,0,0,0,0,0,0,0,13,13,8,7,13,1,v40（历史）
ExpenseAddMultiple,难,6.0,0,15,15,1,0,0,0,0,0,0,0,7,5,5,3,7,1,v40（历史）
SimpleSmsSend,易,1.2,1,6,6,1,0,0,0,0,0,0,0,10,7,6,4,10,1,v40（历史）
SportsTrackerActivitiesOnDate,中,2.0,0,2,2,1,0,0,0,0,0,0,0,2,0,0,1,2,1,v40（历史）
SystemBluetoothTurnOnVerify,易,1.0,1,5,5,0,0,0,0,0,0,0,0,6,4,3,1,6,0,v40（历史）
BrowserMultiply,中,2.2,0,15,15,1,0,0,0,0,0,0,0,12,8,8,6,11,1,v40（历史）
TurnOnWifiAndOpenApp,中,2.0,1,4,4,1,0,0,0,0,0,0,0,6,6,2,2,6,1,v40（历史）
ExpenseAddMultipleFromGallery,难,6.0,0,15,15,1,0,0,0,10,10,9,0,6,5,4,4,5,1,v40（历史）
TasksCompletedTasksForDate,易,1.0,0,5,5,1,0,0,0,1,1,2,0,8,7,5,4,8,1,v40（历史）
FilesMoveFile,中,2.0,0,8,8,1,0,0,2,1,1,0,0,8,7,6,5,8,1,v40（历史）
NotesTodoItemCount,易,1.0,1,3,3,1,0,0,0,0,0,0,0,6,3,2,1,6,1,v40（历史）
SimpleCalendarNextMeetingWithPerson,易,1.0,0,6,6,1,0,0,0,0,0,0,0,7,5,3,3,7,1,v40（历史）
SimpleCalendarAddOneEventInTwoWeeks,难,3.4,0,15,15,1,0,0,0,0,0,0,0,12,10,7,7,12,1,v40（历史）
SimpleCalendarDeleteOneEvent,易,1.2,1,5,5,1,0,0,0,0,0,0,0,10,7,5,2,9,1,v40（历史）
TasksHighPriorityTasksDueOnDate,易,1.0,0,4,4,1,0,0,0,0,0,0,0,10,7,4,2,10,1,v40（历史）
SimpleCalendarAnyEventsOnDate,易,1.0,1,2,2,1,0,0,0,0,0,0,0,5,2,1,1,5,1,v40（历史）
SystemBrightnessMaxVerify,易,1.0,1,7,7,0,0,0,0,0,0,0,0,9,7,7,5,7,0,v40（历史）
BrowserMaze,中,2.0,0,15,15,1,0,0,0,0,0,0,0,9,5,5,2,9,1,v40（历史）
RecipeDeleteDuplicateRecipes3,难,3.4,0,15,15,1,0,0,0,8,8,2,0,11,22,9,6,8,1,v40（历史）
OsmAndMarker,中,2.0,0,5,5,1,0,0,0,0,0,0,0,8,3,3,3,8,1,v40（历史）
ExpenseDeleteMultiple,中,2.0,1,10,10,1,0,0,0,0,0,0,0,19,11,10,3,19,1,v40（历史）
SimpleCalendarDeleteEvents,易,1.4,1,7,7,1,0,0,0,0,0,0,0,7,5,4,3,7,1,v40（历史）
RecipeDeleteDuplicateRecipes2,中,2.4,0,15,15,1,0,0,0,2,2,0,0,10,14,8,6,7,1,v40（历史）
RetroSavePlaylist,难,5.0,0,15,15,1,0,0,0,5,5,3,0,18,17,9,7,18,1,v40（历史）
SimpleCalendarNextEvent,易,1.0,1,2,2,1,0,0,0,0,0,0,0,7,4,1,1,7,1,v40（历史）
RecipeDeleteSingleWithRecipeWithNoise,中,2.0,1,10,10,1,0,0,0,0,0,0,0,16,20,8,5,14,1,v40（历史）
RecipeAddSingleRecipe,中,2.4,1,15,15,1,0,0,0,0,0,0,0,13,10,10,9,13,1,v40（历史）
CameraTakePhoto,易,1.0,0,3,3,0,0,0,0,1,1,0,0,3,2,2,2,3,0,v48（图中那行）
MarkorDeleteNewestNote,易,1.0,1,5,5,1,0,0,4,1,1,0,0,11,9,3,2,11,1,v48（图中那行）
SystemBrightnessMax,易,1.0,0,15,15,0,0,0,0,0,0,0,0,9,9,9,7,6,0,v48（图中那行）
NotesIsTodo,易,1.0,1,3,3,1,0,0,0,0,0,0,0,6,2,2,1,6,1,v48（图中那行）
MarkorMergeNotes,难,7.8,0,15,15,1,0,0,0,0,0,0,0,23,21,10,4,23,1,v48（图中那行）
ContactsAddContact,易,1.2,1,9,9,1,0,0,0,0,0,0,0,13,9,9,6,13,1,v48（图中那行）
SystemBrightnessMinVerify,易,1.0,1,6,6,0,0,0,0,0,0,0,0,9,8,6,4,6,0,v48（图中那行）
RecipeAddMultipleRecipesFromMarkor,难,6.0,0,7,7,1,0,0,0,1,1,1,1,21,17,7,1,19,1,v48（图中那行）
RecipeAddMultipleRecipesFromMarkor2,难,6.0,0,15,15,1,0,0,0,0,0,0,0,10,12,3,2,10,1,v48（图中那行）
SimpleSmsSendReceivedAddress,中,1.8,1,7,7,1,0,0,0,0,0,0,0,12,8,7,3,10,1,v48（图中那行）
SimpleSmsSendClipboardContent,易,1.2,0,15,15,1,0,0,0,0,0,0,0,10,5,4,2,9,1,v48（图中那行）
SimpleCalendarDeleteEventsOnRelativeDay,易,1.2,1,6,6,1,0,0,0,0,0,0,0,9,6,4,3,9,1,v48（图中那行）
OsmAndTrack,难,12.0,0,15,15,1,0,0,0,0,0,0,0,9,7,5,3,9,1,v48（图中那行）
OpenAppTaskEval,易,1.0,1,5,5,1,0,0,0,1,1,1,0,9,6,4,3,9,1,v48（图中那行）
SimpleCalendarAddOneEvent,难,3.4,0,15,15,1,0,0,4,2,2,11,0,13,17,13,9,13,1,v48（图中那行）
BrowserDraw,中,2.0,0,15,15,1,0,0,0,1,1,12,0,13,13,12,5,13,1,v48（图中那行）
SystemWifiTurnOnVerify,易,1.0,1,6,6,0,0,0,0,0,0,0,0,11,8,6,3,9,0,v48（图中那行）
MarkorEditNote,易,1.2,0,6,6,1,0,0,0,0,0,0,0,10,11,4,3,10,1,v48（图中那行）
ExpenseDeleteSingle,易,1.0,1,4,4,1,0,0,0,1,1,0,0,9,4,4,1,9,1,v48（图中那行）
CameraTakeVideo,易,1.0,1,5,5,0,0,0,0,2,2,0,0,5,4,4,2,5,0,v48（图中那行）
RecipeAddMultipleRecipesFromImage,难,6.0,0,15,15,1,0,0,0,1,1,12,0,8,6,6,4,8,1,v48（图中那行）
SimpleSmsReplyMostRecent,易,1.2,1,5,5,1,0,0,0,0,0,0,0,7,6,5,4,7,1,v48（图中那行）
MarkorCreateNoteAndSms,中,1.8,0,6,6,1,0,0,0,0,0,0,0,10,6,6,3,10,1,v48（图中那行）
RecipeDeleteMultipleRecipesWithNoise,难,3.4,0,13,13,1,0,0,0,8,8,1,0,14,27,8,6,11,1,v48（图中那行）
ExpenseAddSingle,易,1.2,1,9,9,1,0,0,0,0,0,0,0,12,8,5,3,12,1,v48（图中那行）
RecipeDeleteMultipleRecipesWithConstraint,难,4.0,1,3,3,1,0,0,0,0,0,0,0,10,8,3,0,8,1,v48（图中那行）
MarkorCreateNote,中,1.6,0,9,9,1,0,0,0,3,3,2,0,14,13,7,4,13,1,v48（图中那行）
SimpleSmsReply,易,1.2,1,5,5,1,0,0,0,0,0,0,0,9,5,5,2,9,1,v48（图中那行）
NotesRecipeIngredientCount,易,1.0,0,4,4,1,0,0,0,0,0,0,0,7,4,3,1,7,1,v48（图中那行）
MarkorAddNoteHeader,易,1.2,0,15,15,1,0,0,0,0,0,0,0,13,11,11,7,13,1,v48（图中那行）
ExpenseAddMultipleFromMarkor,难,6.0,0,15,15,1,0,0,0,0,0,0,0,13,12,10,6,13,1,v48（图中那行）
SystemBluetoothTurnOffVerify,易,1.0,1,8,8,0,0,0,0,0,0,0,0,10,7,7,4,9,0,v48（图中那行）
SystemBluetoothTurnOn,易,1.0,1,4,4,0,0,0,0,0,0,0,0,4,3,2,2,3,0,v48（图中那行）
SimpleCalendarEventsOnDate,易,1.0,1,2,2,1,0,0,0,0,0,0,0,6,4,1,1,6,1,v48（图中那行）
SimpleCalendarAddRepeatingEvent,难,3.4,0,15,15,1,0,0,0,2,2,0,0,21,18,11,7,21,1,v48（图中那行）
SystemWifiTurnOff,易,1.0,1,5,5,0,0,0,0,0,0,0,0,10,7,5,2,8,0,v48（图中那行）
SystemBluetoothTurnOff,易,1.0,1,7,7,0,0,0,0,0,0,0,0,7,5,5,3,6,0,v48（图中那行）
SimpleCalendarLocationOfEvent,易,1.0,1,3,3,1,0,0,0,1,1,0,0,7,6,3,2,7,1,v48（图中那行）
SystemWifiTurnOn,易,1.0,1,5,5,0,0,0,0,0,0,0,0,9,7,5,3,7,0,v48（图中那行）
SportsTrackerTotalDurationForCategoryThisWeek,中,1.6,1,3,3,1,0,0,0,0,0,0,0,7,4,3,1,7,1,v48（图中那行）
ExpenseDeleteDuplicates,易,1.2,1,6,6,1,0,0,0,1,1,0,0,9,4,4,2,9,1,v48（图中那行）
SportsTrackerActivitiesCountForWeek,易,1.0,1,1,1,1,0,0,0,0,0,0,0,2,0,0,1,2,1,v48（图中那行）
SaveCopyOfReceiptTaskEval,中,1.6,1,6,6,1,0,0,0,0,0,0,0,9,7,5,2,8,1,v48（图中那行）
TurnOffWifiAndTurnOnBluetooth,中,2.0,1,9,9,0,0,0,0,0,0,0,0,10,8,8,2,10,0,v48（图中那行）
SportsTrackerLongestDistanceActivity,易,1.0,0,3,3,1,0,0,0,0,0,0,0,8,4,3,0,8,1,v48（图中那行）
RetroCreatePlaylist,中,2.4,0,15,15,1,0,0,0,2,2,1,0,18,12,11,7,18,1,v48（图中那行）
ExpenseDeleteMultiple2,难,3.4,1,13,13,1,0,0,0,7,7,0,0,11,8,7,3,11,1,v48（图中那行）
RecipeAddMultipleRecipes,难,6.0,0,15,15,1,0,0,0,1,1,0,0,15,11,10,6,15,1,v48（图中那行）
SimpleSmsResend,易,1.2,1,12,12,1,0,0,0,1,1,0,0,14,9,9,7,13,1,v48（图中那行）
MarkorCreateFolder,易,1.0,1,4,4,1,0,0,0,0,0,0,0,9,5,4,1,9,1,v48（图中那行）
RecipeDeleteSingleRecipe,易,1.0,1,5,5,1,0,0,0,1,1,0,0,9,7,4,2,8,1,v48（图中那行）
SystemWifiTurnOffVerify,易,1.0,1,4,4,0,0,0,0,0,0,0,0,8,6,4,2,6,0,v48（图中那行）
TasksDueNextWeek,易,1.2,0,3,3,1,0,0,0,1,1,0,0,4,2,1,1,4,1,v48（图中那行）
SystemBrightnessMin,易,1.0,0,15,15,0,0,0,0,0,0,0,0,8,7,5,6,6,0,v48（图中那行）
OsmAndFavorite,易,1.3,1,7,7,1,0,0,0,1,1,0,0,12,7,6,3,12,1,v48（图中那行）
FilesDeleteFile,中,2.2,1,14,14,1,0,0,2,2,2,10,0,15,14,13,5,15,1,v48（图中那行）
MarkorDeleteAllNotes,易,1.4,1,6,6,1,0,0,0,3,3,3,0,11,13,4,3,10,1,v48（图中那行）
SimpleCalendarEventsInNextWeek,易,1.0,0,7,7,1,0,0,0,0,0,0,0,13,8,6,2,13,1,v48（图中那行）
SimpleCalendarEventsInTimeRange,易,1.0,1,2,2,1,0,0,0,0,0,0,0,7,4,1,1,7,1,v48（图中那行）
MarkorChangeNoteContent,易,1.2,0,15,15,1,0,0,0,5,5,0,0,11,11,10,5,11,1,v48（图中那行）
MarkorTranscribeReceipt,中,1.8,0,15,15,1,0,0,0,0,0,0,0,20,17,8,5,19,1,v48（图中那行）
SimpleCalendarFirstEventAfterStartTime,易,1.0,1,2,2,1,0,0,0,0,0,0,0,6,4,1,1,6,1,v48（图中那行）
SportsTrackerActivityDuration,易,1.2,0,5,5,1,0,0,0,0,0,0,0,11,5,5,0,11,1,v48（图中那行）
VlcCreateTwoPlaylists,难,4.8,0,15,15,1,0,0,0,4,4,6,1,22,19,14,7,22,1,v48（图中那行）
ClockStopWatchRunning,易,1.0,1,8,8,0,0,0,0,2,2,0,0,5,3,3,3,5,0,v48（图中那行）
ExpenseDeleteDuplicates2,中,1.8,1,9,9,1,0,0,0,5,5,4,0,12,10,5,3,12,1,v48（图中那行）
RecipeDeleteDuplicateRecipes,易,1.0,1,7,7,1,0,0,0,1,1,0,1,8,9,7,3,6,1,v48（图中那行）
SimpleCalendarEventOnDateAtTime,易,1.0,1,2,2,1,0,0,0,0,0,0,0,6,4,1,1,6,1,v48（图中那行）
SportsTrackerTotalDistanceForCategoryOverInterval,中,2.2,0,3,3,1,0,0,0,0,0,0,0,9,4,3,0,9,1,v48（图中那行）
SystemCopyToClipboard,易,1.0,0,15,15,0,0,0,0,1,1,0,0,14,11,11,10,13,0,v48（图中那行）
TasksHighPriorityTasks,易,1.0,1,1,1,1,0,0,0,0,0,0,0,3,1,0,1,3,1,v48（图中那行）
SimpleCalendarAddOneEventRelativeDay,难,3.4,0,15,15,1,0,0,0,1,1,0,0,20,16,11,7,20,1,v48（图中那行）
RetroPlayingQueue,难,3.2,0,15,15,1,0,0,0,11,11,5,0,10,13,8,3,10,1,v48（图中那行）
VlcCreatePlaylist,难,2.8,0,15,15,1,0,0,0,2,2,0,1,21,17,11,6,19,1,v48（图中那行）
TasksIncompleteTasksOnDate,易,1.0,1,1,1,1,0,0,0,0,0,0,0,2,0,0,1,2,1,v48（图中那行）
TasksDueOnDate,易,1.0,0,1,1,1,0,0,0,0,0,0,0,3,1,0,1,3,1,v48（图中那行）
ClockTimerEntry,易,1.0,0,15,15,0,0,0,0,12,12,0,0,6,3,3,3,6,0,v48（图中那行）
RecipeDeleteMultipleRecipes,中,2.4,1,13,12,1,1,0,0,8,8,1,0,14,13,9,6,12,2,v48（图中那行）
MarkorDeleteNote,易,1.0,1,4,4,1,0,0,2,1,1,0,0,9,10,3,2,8,1,v48（图中那行）
SimpleDrawProCreateDrawing,中,1.8,1,9,9,1,0,0,0,1,1,0,0,12,8,8,5,12,1,v48（图中那行）
RetroPlaylistDuration,难,3.0,0,15,15,1,0,0,2,7,7,6,0,19,19,12,5,19,1,v48（图中那行）
MarkorCreateNoteFromClipboard,易,1.4,0,13,13,1,0,0,0,3,3,6,1,20,16,9,8,19,1,v48（图中那行）
MarkorMoveNote,易,1.4,0,9,9,1,0,0,2,4,4,2,0,17,25,8,5,16,1,v48（图中那行）
NotesMeetingAttendeeCount,易,1.0,1,4,4,1,0,0,0,0,0,0,0,6,3,3,2,6,1,v48（图中那行）
ClockStopWatchPausedVerify,易,1.0,1,5,5,0,0,0,0,1,1,0,0,4,2,2,2,4,0,v48（图中那行）
SimpleCalendarAddOneEventTomorrow,难,3.4,0,15,15,1,0,0,0,2,2,0,0,16,13,9,7,16,1,v48（图中那行）
ExpenseAddMultiple,难,6.0,0,15,15,1,0,0,0,0,0,0,0,10,8,8,4,10,1,v48（图中那行）
SimpleSmsSend,易,1.2,1,6,6,1,0,0,0,0,0,0,0,11,6,6,3,11,1,v48（图中那行）
SportsTrackerActivitiesOnDate,中,2.0,0,2,2,1,0,0,0,0,0,0,0,2,0,0,1,2,1,v48（图中那行）
SystemBluetoothTurnOnVerify,易,1.0,0,15,15,0,0,0,0,0,0,0,0,8,8,6,5,6,0,v48（图中那行）
BrowserMultiply,中,2.2,0,15,15,1,0,0,0,2,2,3,0,15,10,8,5,15,1,v48（图中那行）
TurnOnWifiAndOpenApp,中,2.0,1,4,4,1,0,0,0,0,0,0,0,6,4,2,2,6,1,v48（图中那行）
ExpenseAddMultipleFromGallery,难,6.0,0,15,15,1,0,0,0,1,1,12,1,9,6,5,5,8,1,v48（图中那行）
TasksCompletedTasksForDate,易,1.0,0,5,5,1,0,0,0,3,3,1,0,5,4,4,3,5,1,v48（图中那行）
FilesMoveFile,中,2.0,0,15,14,1,1,0,2,3,3,2,0,9,9,6,5,9,2,v48（图中那行）
NotesTodoItemCount,易,1.0,1,3,3,1,0,0,0,0,0,0,0,5,2,1,2,5,1,v48（图中那行）
SimpleCalendarNextMeetingWithPerson,易,1.0,0,3,3,1,0,0,0,0,0,0,0,6,3,1,2,6,1,v48（图中那行）
SimpleCalendarAddOneEventInTwoWeeks,难,3.4,0,15,15,1,0,0,6,1,1,11,0,13,12,9,7,13,1,v48（图中那行）
SimpleCalendarDeleteOneEvent,易,1.2,1,5,5,1,0,0,0,1,1,0,0,11,8,5,2,11,1,v48（图中那行）
TasksHighPriorityTasksDueOnDate,易,1.0,0,3,3,1,0,0,0,0,0,0,0,8,4,3,0,8,1,v48（图中那行）
SimpleCalendarAnyEventsOnDate,易,1.0,1,2,2,1,0,0,0,0,0,0,0,6,3,1,1,6,1,v48（图中那行）
SystemBrightnessMaxVerify,易,1.0,1,10,10,0,0,0,0,0,0,0,0,8,8,6,6,6,0,v48（图中那行）
BrowserMaze,中,2.0,0,15,15,1,0,0,0,1,1,0,0,10,8,8,5,9,1,v48（图中那行）
RecipeDeleteDuplicateRecipes3,难,3.4,0,13,13,1,0,0,0,8,8,0,0,11,19,7,6,8,1,v48（图中那行）
OsmAndMarker,中,2.0,0,5,5,1,0,0,0,1,1,0,0,9,5,4,3,9,1,v48（图中那行）
ExpenseDeleteMultiple,中,2.0,1,10,10,1,0,0,0,2,2,0,0,18,10,10,4,18,1,v48（图中那行）
SimpleCalendarDeleteEvents,易,1.4,1,7,7,1,0,0,0,0,0,0,0,8,6,4,3,8,1,v48（图中那行）
RecipeDeleteDuplicateRecipes2,中,2.4,0,15,14,1,1,0,0,9,9,1,0,14,18,10,7,11,2,v48（图中那行）
RetroSavePlaylist,难,5.0,0,15,15,1,0,0,0,7,7,7,0,20,19,8,6,20,1,v48（图中那行）
SimpleCalendarNextEvent,易,1.0,0,2,2,1,0,0,0,0,0,0,0,6,3,1,1,6,1,v48（图中那行）
RecipeDeleteSingleWithRecipeWithNoise,中,2.0,1,7,7,1,0,0,0,2,2,1,0,17,18,7,2,14,1,v48（图中那行）
RecipeAddSingleRecipe,中,2.4,1,14,14,1,0,0,0,1,1,0,0,18,13,10,6,17,1,v48（图中那行）
CameraTakePhoto,易,1.0,0,4,4,0,0,0,0,2,2,0,0,3,2,2,2,3,0,full（本session复现）
MarkorDeleteNewestNote,易,1.0,1,4,4,1,0,0,2,2,2,0,0,8,9,3,3,7,1,full（本session复现）
SystemBrightnessMax,易,1.0,1,11,11,0,0,0,0,0,0,0,0,7,5,5,4,3,0,full（本session复现）
NotesIsTodo,易,1.0,1,3,3,1,0,0,0,0,0,0,0,4,1,1,2,4,1,full（本session复现）
MarkorMergeNotes,难,7.8,0,15,14,1,1,0,0,0,0,0,0,16,19,10,7,14,2,full（本session复现）
ContactsAddContact,易,1.2,1,8,8,1,0,0,0,0,0,0,0,8,5,5,4,7,1,full（本session复现）
SystemBrightnessMinVerify,易,1.0,1,6,6,0,0,0,0,0,0,0,0,6,5,5,4,4,0,full（本session复现）
RecipeAddMultipleRecipesFromMarkor,难,6.0,0,15,15,1,0,0,0,0,0,0,0,21,22,11,7,20,1,full（本session复现）
RecipeAddMultipleRecipesFromMarkor2,难,6.0,0,15,15,1,0,0,0,1,1,6,1,25,27,12,6,21,1,full（本session复现）
SimpleSmsSendReceivedAddress,中,1.8,0,15,15,1,0,0,0,1,1,0,0,16,14,11,7,15,1,full（本session复现）
SimpleSmsSendClipboardContent,易,1.2,0,7,7,1,0,0,0,1,1,0,0,10,7,7,6,9,1,full（本session复现）
SimpleCalendarDeleteEventsOnRelativeDay,易,1.2,1,7,7,1,0,0,0,0,0,0,0,12,10,6,5,12,1,full（本session复现）
OsmAndTrack,难,12.0,0,15,15,1,0,0,0,2,2,7,0,14,16,12,8,14,1,full（本session复现）
OpenAppTaskEval,易,1.0,1,3,3,1,0,0,0,0,0,0,0,5,3,2,1,4,1,full（本session复现）
SimpleCalendarAddOneEvent,难,3.4,0,15,15,1,0,0,0,1,1,6,0,17,14,13,8,17,1,full（本session复现）
BrowserDraw,中,2.0,0,15,15,1,0,0,0,0,0,0,0,7,4,4,3,7,1,full（本session复现）
SystemWifiTurnOnVerify,易,1.0,1,4,4,0,0,0,0,0,0,0,0,5,3,3,1,5,0,full（本session复现）
MarkorEditNote,易,1.2,0,4,4,1,0,0,0,0,0,0,0,10,10,2,1,9,1,full（本session复现）
ExpenseDeleteSingle,易,1.0,1,4,4,1,0,0,0,1,1,0,0,9,4,4,1,9,1,full（本session复现）
CameraTakeVideo,易,1.0,0,15,15,0,0,0,0,13,13,0,0,4,4,4,3,4,0,full（本session复现）
RecipeAddMultipleRecipesFromImage,难,6.0,0,15,15,1,0,0,0,2,2,0,1,20,14,13,7,18,1,full（本session复现）
SimpleSmsReplyMostRecent,易,1.2,1,5,5,1,0,0,0,0,0,0,0,7,6,5,4,7,1,full（本session复现）
AudioRecorderRecordAudio,易,1.2,1,7,7,1,0,0,0,3,3,0,0,10,6,6,3,9,1,full（本session复现）
MarkorCreateNoteAndSms,中,1.8,0,7,7,1,0,0,0,0,0,0,0,11,7,7,4,10,1,full（本session复现）
RecipeDeleteMultipleRecipesWithNoise,难,3.4,0,15,15,1,0,0,0,5,5,2,0,18,22,13,6,15,1,full（本session复现）
ExpenseAddSingle,易,1.2,0,9,9,1,0,0,0,0,0,0,0,8,4,2,2,8,1,full（本session复现）
RecipeDeleteMultipleRecipesWithConstraint,难,4.0,1,3,3,1,0,0,0,0,0,0,0,6,5,2,2,5,1,full（本session复现）
MarkorCreateNote,中,1.6,1,6,6,1,0,0,0,0,0,0,0,11,8,4,2,10,1,full（本session复现）
SimpleSmsReply,易,1.2,1,5,5,1,0,0,0,0,0,0,0,8,5,5,3,8,1,full（本session复现）
NotesRecipeIngredientCount,易,1.0,0,4,4,1,0,0,0,0,0,0,0,4,3,2,2,4,1,full（本session复现）
MarkorAddNoteHeader,易,1.2,0,15,15,1,0,0,0,0,0,0,0,5,2,2,1,5,1,full（本session复现）
ExpenseAddMultipleFromMarkor,难,6.0,0,15,14,1,1,0,2,1,1,3,0,11,7,3,4,11,2,full（本session复现）
SystemBluetoothTurnOffVerify,易,1.0,1,8,8,0,0,0,0,0,0,0,0,10,7,6,4,8,0,full（本session复现）
SystemBluetoothTurnOn,易,1.0,1,7,7,0,0,0,0,0,0,0,0,11,7,6,4,8,0,full（本session复现）
SimpleCalendarEventsOnDate,易,1.0,0,2,2,1,0,0,0,0,0,0,0,5,3,1,1,5,1,full（本session复现）
SimpleCalendarAddRepeatingEvent,难,3.4,0,15,15,1,0,0,0,1,1,0,0,12,11,7,6,12,1,full（本session复现）
SystemWifiTurnOff,易,1.0,1,6,6,0,0,0,0,3,3,0,0,5,3,3,2,4,0,full（本session复现）
SystemBluetoothTurnOff,易,1.0,0,15,15,0,0,0,0,12,12,0,0,4,3,3,3,3,0,full（本session复现）
SimpleCalendarLocationOfEvent,易,1.0,1,4,4,1,0,0,0,1,1,0,0,9,6,4,3,9,1,full（本session复现）
SystemWifiTurnOn,易,1.0,1,5,5,0,0,0,0,0,0,0,0,4,3,3,3,4,0,full（本session复现）
SportsTrackerTotalDurationForCategoryThisWeek,中,1.6,0,15,15,1,0,0,0,0,0,0,0,7,5,3,3,7,1,full（本session复现）
ExpenseDeleteDuplicates,易,1.2,1,6,6,1,0,0,0,2,2,0,0,9,5,3,3,9,1,full（本session复现）
SportsTrackerActivitiesCountForWeek,易,1.0,0,2,2,1,0,0,0,0,0,0,0,4,2,2,1,4,1,full（本session复现）
SaveCopyOfReceiptTaskEval,中,1.6,1,7,7,1,0,0,0,0,0,0,0,9,8,5,2,9,1,full（本session复现）
TurnOffWifiAndTurnOnBluetooth,中,2.0,1,10,10,0,0,0,0,0,0,0,0,11,8,8,2,10,0,full（本session复现）
SportsTrackerLongestDistanceActivity,易,1.0,0,15,15,1,0,0,0,0,0,0,0,7,5,3,3,7,1,full（本session复现）
RetroCreatePlaylist,中,2.4,0,15,15,1,0,0,0,2,2,8,0,14,14,12,7,14,1,full（本session复现）
ExpenseDeleteMultiple2,难,3.4,0,15,13,1,2,0,4,9,9,1,0,13,12,9,7,13,3,full（本session复现）
RecipeAddMultipleRecipes,难,6.0,0,15,15,1,0,0,0,3,3,2,0,13,13,10,8,12,1,full（本session复现）
SimpleSmsResend,易,1.2,1,14,13,1,1,0,0,1,1,3,1,15,10,9,6,14,2,full（本session复现）
MarkorCreateFolder,易,1.0,1,4,4,1,0,0,0,1,1,0,0,7,5,3,2,6,1,full（本session复现）
RecipeDeleteSingleRecipe,易,1.0,1,5,5,1,0,0,0,2,2,0,0,9,7,4,3,8,1,full（本session复现）
SystemWifiTurnOffVerify,易,1.0,1,5,5,0,0,0,0,2,2,0,0,5,3,3,2,4,0,full（本session复现）
TasksDueNextWeek,易,1.2,0,3,3,1,0,0,0,1,1,0,0,6,4,3,1,6,1,full（本session复现）
MarkorTranscribeVideo,中,2.0,0,15,15,1,0,0,2,3,3,0,0,14,19,9,4,13,1,full（本session复现）
SystemBrightnessMin,易,1.0,1,7,7,0,0,0,0,0,0,0,0,2,1,1,1,2,0,full（本session复现）
OsmAndFavorite,易,1.3,1,7,7,1,0,0,0,1,1,0,0,9,7,6,5,9,1,full（本session复现）
FilesDeleteFile,中,2.2,0,15,14,1,1,0,0,1,1,0,0,12,9,9,8,12,2,full（本session复现）
MarkorDeleteAllNotes,易,1.4,1,6,6,1,0,0,0,3,3,3,0,8,9,4,3,7,1,full（本session复现）
SimpleCalendarEventsInNextWeek,易,1.0,0,15,15,1,0,0,0,0,0,0,0,7,6,4,3,7,1,full（本session复现）
SimpleCalendarEventsInTimeRange,易,1.0,1,3,3,1,0,0,0,0,0,0,0,7,5,2,2,7,1,full（本session复现）
MarkorChangeNoteContent,易,1.2,0,15,15,1,0,0,0,2,2,0,0,10,9,9,5,10,1,full（本session复现）
MarkorTranscribeReceipt,中,1.8,0,11,11,1,0,0,0,1,1,0,1,24,24,10,4,20,1,full（本session复现）
SimpleCalendarFirstEventAfterStartTime,易,1.0,1,3,3,1,0,0,0,0,0,0,0,7,5,2,2,7,1,full（本session复现）
SportsTrackerActivityDuration,易,1.2,0,3,3,1,0,0,0,1,1,0,0,5,4,2,2,5,1,full（本session复现）
VlcCreateTwoPlaylists,难,4.8,0,15,15,1,0,0,0,1,1,11,0,11,8,5,4,10,1,full（本session复现）
ClockStopWatchRunning,易,1.0,1,4,4,0,0,0,0,1,1,0,0,7,4,3,2,7,0,full（本session复现）
ExpenseDeleteDuplicates2,中,1.8,0,8,8,1,0,0,0,3,3,4,0,10,7,4,1,10,1,full（本session复现）
RecipeDeleteDuplicateRecipes,易,1.0,1,8,8,1,0,0,0,1,1,0,1,8,9,6,4,7,1,full（本session复现）
SimpleCalendarEventOnDateAtTime,易,1.0,1,3,3,1,0,0,0,0,0,0,0,6,4,2,2,6,1,full（本session复现）
SportsTrackerTotalDistanceForCategoryOverInterval,中,2.2,0,15,15,1,0,0,2,4,4,9,0,11,14,7,5,11,1,full（本session复现）
AudioRecorderRecordAudioWithFileName,中,2.0,1,11,11,1,0,0,0,5,5,0,0,11,10,9,7,10,1,full（本session复现）
SystemCopyToClipboard,易,1.0,0,15,15,0,0,0,0,2,2,3,0,9,8,7,4,6,0,full（本session复现）
TasksHighPriorityTasks,易,1.0,1,1,1,1,0,0,0,0,0,0,0,4,2,0,1,4,1,full（本session复现）
SimpleCalendarAddOneEventRelativeDay,难,3.4,0,15,15,1,0,0,0,4,4,4,0,16,17,11,9,16,1,full（本session复现）
RetroPlayingQueue,难,3.2,0,15,15,1,0,0,0,3,3,1,0,10,15,10,6,10,1,full（本session复现）
VlcCreatePlaylist,难,2.8,0,11,11,1,0,0,0,2,2,0,1,14,10,6,7,11,1,full（本session复现）
TasksIncompleteTasksOnDate,易,1.0,1,1,1,1,0,0,0,0,0,0,0,2,0,0,1,2,1,full（本session复现）
TasksDueOnDate,易,1.0,0,1,1,1,0,0,0,0,0,0,0,4,2,0,1,4,1,full（本session复现）
ClockTimerEntry,易,1.0,0,15,15,0,0,0,0,13,13,0,0,6,3,3,2,6,0,full（本session复现）
RecipeDeleteMultipleRecipes,中,2.4,1,13,12,1,1,0,0,6,6,1,0,14,12,8,6,13,2,full（本session复现）
MarkorDeleteNote,易,1.0,1,4,4,1,0,0,2,2,2,0,0,8,10,3,3,7,1,full（本session复现）
SimpleDrawProCreateDrawing,中,1.8,1,12,12,1,0,0,0,0,0,0,0,9,6,6,3,8,1,full（本session复现）
RetroPlaylistDuration,难,3.0,0,15,15,1,0,0,0,6,6,0,0,14,17,11,5,14,1,full（本session复现）
MarkorCreateNoteFromClipboard,易,1.4,0,13,13,1,0,0,2,1,1,9,0,13,13,9,5,12,1,full（本session复现）
MarkorMoveNote,易,1.4,0,11,11,1,0,0,2,6,6,5,0,11,21,6,5,10,1,full（本session复现）
NotesMeetingAttendeeCount,易,1.0,1,4,4,1,0,0,0,0,0,0,0,4,2,2,2,4,1,full（本session复现）
ClockStopWatchPausedVerify,易,1.0,0,15,14,0,1,0,2,11,11,0,0,10,5,5,7,10,1,full（本session复现）
SimpleCalendarAddOneEventTomorrow,难,3.4,0,15,15,1,0,0,0,1,1,0,0,17,14,10,7,17,1,full（本session复现）
ExpenseAddMultiple,难,6.0,0,15,15,1,0,0,0,1,1,7,0,7,3,2,3,7,1,full（本session复现）
SimpleSmsSend,易,1.2,1,6,6,1,0,0,0,1,1,0,0,10,6,6,4,9,1,full（本session复现）
SportsTrackerActivitiesOnDate,中,2.0,0,3,3,1,0,0,0,1,1,0,0,3,2,0,1,3,1,full（本session复现）
SystemBluetoothTurnOnVerify,易,1.0,1,8,8,0,0,0,0,0,0,0,0,9,8,6,4,7,0,full（本session复现）
BrowserMultiply,中,2.2,0,13,13,1,0,0,0,0,0,0,0,10,7,7,5,10,1,full（本session复现）
TurnOnWifiAndOpenApp,中,2.0,1,4,4,1,0,0,0,0,0,0,0,5,3,2,2,4,1,full（本session复现）
ExpenseAddMultipleFromGallery,难,6.0,0,2,2,1,0,0,0,0,0,0,0,4,2,2,1,4,1,full（本session复现）
TasksCompletedTasksForDate,易,1.0,0,3,3,1,0,0,0,1,1,0,0,4,3,2,2,4,1,full（本session复现）
FilesMoveFile,中,2.0,1,15,15,1,0,0,2,1,1,0,0,20,15,14,8,19,1,full（本session复现）
NotesTodoItemCount,易,1.0,1,4,4,1,0,0,0,1,1,1,0,8,6,3,1,8,1,full（本session复现）
SimpleCalendarNextMeetingWithPerson,易,1.0,0,5,5,1,0,0,0,0,0,0,0,9,7,4,4,9,1,full（本session复现）
SimpleCalendarAddOneEventInTwoWeeks,难,3.4,0,15,15,1,0,0,0,1,1,0,0,14,13,11,10,14,1,full（本session复现）
SimpleCalendarDeleteOneEvent,易,1.2,1,6,6,1,0,0,0,0,0,0,0,13,8,6,3,12,1,full（本session复现）
TasksHighPriorityTasksDueOnDate,易,1.0,0,3,3,1,0,0,0,1,1,0,0,5,4,2,2,5,1,full（本session复现）
SimpleCalendarAnyEventsOnDate,易,1.0,0,2,2,1,0,0,0,0,0,0,0,5,3,1,1,5,1,full（本session复现）
SystemBrightnessMaxVerify,易,1.0,0,15,15,0,0,0,0,0,0,0,0,2,1,1,1,2,0,full（本session复现）
BrowserMaze,中,2.0,0,7,7,1,0,0,0,2,2,4,1,15,9,7,4,15,1,full（本session复现）
RecipeDeleteDuplicateRecipes3,难,3.4,0,15,15,1,0,0,0,10,10,3,0,13,18,11,5,10,1,full（本session复现）
OsmAndMarker,中,2.0,0,15,14,1,1,0,0,7,7,3,0,20,13,9,7,20,2,full（本session复现）
ExpenseDeleteMultiple,中,2.0,1,10,10,1,0,0,0,3,3,0,0,18,11,10,4,18,1,full（本session复现）
SimpleCalendarDeleteEvents,易,1.4,1,12,11,1,1,0,0,0,0,0,0,16,11,9,7,15,2,full（本session复现）
RecipeDeleteDuplicateRecipes2,中,2.4,0,15,14,1,1,0,0,9,9,2,0,12,15,8,7,10,2,full（本session复现）
RetroSavePlaylist,难,5.0,0,15,15,1,0,0,0,7,7,0,0,17,19,9,8,17,1,full（本session复现）
SimpleCalendarNextEvent,易,1.0,0,2,2,1,0,0,0,0,0,0,0,5,3,1,1,5,1,full（本session复现）
RecipeDeleteSingleWithRecipeWithNoise,中,2.0,1,6,6,1,0,0,0,2,2,1,0,11,17,5,3,10,1,full（本session复现）
RecipeAddSingleRecipe,中,2.4,1,13,13,1,0,0,0,0,0,0,0,17,14,10,7,16,1,full（本session复现）
AudioRecorderRecordAudio,易,1.2,1,9,9,1,0,0,0,5,5,0,0,10,8,8,5,9,1,noinject 不注入不跳过
AudioRecorderRecordAudioWithFileName,中,2.0,0,15,15,1,0,0,0,3,3,0,0,9,8,6,5,8,1,noinject 不注入不跳过
