variant,n_tasks,success,success_rate,avg_steps,avg_success_steps,median_steps,avg_reasoning_calls,total_reasoning_calls,explicit_skipped_reasoning,prefill_hops,prefill_hit_rate,prefill_tasks,rollbacks,avg_e2e_s,note
Baseline 不建图 (h1),115,58,50.43,9.86,6.41,7,9.86,1134,96,0,0.0,0,0,33.0,无图、无预填
Baseline 不建图 (h2),115,54,46.96,9.79,6.0,8,9.79,1126,96,0,0.0,0,0,34.3,
Baseline 不建图 (h3),112,55,49.11,9.55,6.2,7.0,9.55,1070,93,0,0.0,0,0,30.9,同机基线
MobileExplorer 完整 (h1),114,54,47.37,9.32,6.76,7.0,9.25,1055,103,79,74.7,48,1,33.2,三模块全开
MobileExplorer 完整 (h2),114,52,45.61,9.53,6.04,8.0,9.47,1080,101,67,85.1,45,2,32.3,
MobileExplorer+同类门 (h1),112,53,47.32,9.32,6.55,7.0,9.25,1036,102,55,87.3,32,2,31.6,修问答类泄漏
w/o 目标条件检索,113,52,46.02,9.69,6.38,8,9.62,1087,102,34,82.4,26,0,31.7,退回唯一控件门
w/o 通过率门,115,50,43.48,9.51,6.14,8,9.48,1090,100,100,91.0,60,1,31.3,岔路口也预填
w/o 落点回退,56,24,42.86,11.29,7.67,10.0,11.23,629,54,23,87.0,18,0,37.3,落点不符不撤销
上一代 full_lean (h1),115,61,53.04,9.87,6.95,8,9.81,1128,103,47,46.8,34,0,36.4,暖store(泄漏)+窄门
